;2000;2001;2002;2003;2004;2005;2006;2007;2008;2009;2010;2011;2012;2013;2014;2015;2016;2017;2018;2019
1001;84281;84480;84704;85300;85762;86080;86630;87792;88718;88502;88759;82801;83462;83971;84694;85942;87432;88519;89504;90164
1002;232612;232242;233270;233039;233329;234433;235366;236902;237579;238281;239526;237667;239866;241533;243148;246306;247441;247943;247548;246794
1003;213399;213496;213301;212754;211874;211825;211213;211541;210892;209818;210232;210679;211713;212958;214420;216253;216712;216318;217198;216530
1004;79831;79646;79544;78951;78555;78072;77936;77595;77100;76897;76830;77201;76951;77058;77588;79197;79680;79335;79487;80196
1051;137174;137447;137447;137428;137398;137261;136829;136451;135759;135279;134798;133487;132965;132665;132685;132917;133560;133447;133210;133193
1053;179848;181661;183804;184896;185958;186471;186911;187094;186984;186629;186874;187296;187905;189043;190703;192999;195063;196074;197264;198019
1054;164280;165026;165678;166342;166610;166956;166783;166727;166270;165771;165480;163029;162237;161923;162203;163960;164926;165462;165507;165951
1055;202247;203386;204498;205140;205589;206040;205952;205688;205191;204948;204454;197960;197882;197835;198355;199574;200813;200584;200581;200539
1056;291609;293914;295643;296941;298272;299392;300402;301320;301518;302430;303481;297307;298826;301223;304087;307471;310653;312662;314391;316103
1057;132895;133624;134368;135038;135446;135655;135562;135422;134912;134573;134291;127212;126721;126643;126865;128304;128703;128842;128647;128686
1058;270110;271643;272681;273133;273130;273039;272591;272488;271393;270626;269778;268846;268058;268075;268628;270378;272337;273022;272775;274098
1059;197754;198390;199227;199608;199999;199671;199264;199101;198649;198426;197903;195721;194911;195135;195593;196839;198685;199503;200025;201156
1060;250112;252758;254165;255631;256166;257002;257749;258336;257945;258150;259200;261141;261988;263202;264972;267503;272235;274025;276032;277175
1061;136027;136548;136913;136996;136978;136470;135834;134664;134090;133370;132897;130543;130135;130017;130218;131457;131875;131613;131347;131013
1062;217582;219988;221264;221974;223694;224583;225232;226252;227260;228327;229756;231376;232911;234674;236705;239614;241811;242472;243196;244156
2000;1715392;1726363;1728806;1734083;1734830;1743627;1754182;1770629;1772100;1774224;1786448;1718187;1734272;1746342;1762791;1787408;1810438;1830584;1841179;1847253
3101;245816;245516;245392;245076;245872;245273;245467;245810;246012;247400;248867;243829;245798;247227;248502;251364;248667;248023;248292;249406
3102;112302;111696;110817;109855;108763;107726;106665;105320;104423;103446;102394;98588;98095;98197;98966;101079;103668;104548;104948;104291
3103;121805;121887;122331;122724;122148;121199;120493;120009;120538;121109;121451;120889;121758;122457;123027;124045;123909;123914;124151;124371
3151;171501;172880;173863;174696;175192;175298;174974;174401;173765;173223;172643;170865;171015;171475;172541;174205;174749;175079;175920;176523
3153;156247;155610;154638;153825;152758;151452;149656;148091;146187;144680;143014;139575;138655;137833;137256;138236;137979;137563;137014;136292
3154;100033;99527;99140;98732;98470;97749;96972;95871;94870;93903;92836;90919;90391;90423;90908;91500;92079;91720;91307;91297
3155;151112;150100;149345;148451;147772;146690;145488;144044;142321;140553;139060;136516;135418;134661;133905;134896;133610;133046;132765;132285
3157;132243;132998;133834;134356;134492;134581;134178;133560;132613;132066;131481;130165;130047;130147;130601;132320;132979;133368;133965;134801
3158;126697;126842;127059;127220;127134;126460;125412;124652;123663;122806;122040;120425;120117;119900;120035;120981;120904;120437;119960;119622
3159;350847;349808;348949;347660;346317;344007;342471;341560;339257;337534;335583;324197;323233;322616;324013;329538;327065;328036;328074;326041
3241;1118091;1122038;1125878;1126724;1128336;1128543;1128772;1130039;1129797;1130262;1132130;1106219;1112675;1119526;1128037;1144481;1148700;1152675;1157624;1157115
3251;211227;212761;213963;214786;215273;215548;215406;215142;214379;213634;213558;209745;209671;209955;211093;213976;215082;216012;216886;217089
3252;162663;162290;161871;161259;160469;159840;158658;157867;156398;155164;154085;149513;148532;147755;147813;148281;148265;148296;148559;148549
3254;292979;293091;292908;292358;291620;290643;289984;288623;286663;284551;282856;276383;275330;274519;274554;277055;277300;276640;276594;275817
3255;81389;80866;80338;79715;78683;77918;76888;76103;75092;74094;73240;73155;72459;71877;71438;71659;71510;71144;70975;70458
3256;125938;126310;126167;126032;126134;125870;125436;124895;123881;122989;122206;121390;120225;119848;119631;120632;121503;121470;121386;121390
3257;166020;166548;166751;166283;166111;165557;165109;164172;162971;161746;160636;157026;156039;155599;155847;156206;157616;157883;157781;157820
3351;181792;181962;182421;182665;182737;182444;181936;181115;180130;179247;178528;176054;175706;175552;176157;177971;178370;178764;178936;179011
3352;204843;206192;206304;206545;206308;205276;204235;202933;202124;201188;200464;198115;197433;196607;196787;198103;198670;198100;198213;198038
3353;232799;235110;237204;238385;239973;241827;242748;243888;244640;245624;246868;239269;240548;242871;245199;248122;250326;251511;252776;254431
3354;52100;51820;51766;51624;51578;51352;50878;50465;49965;49699;49213;49082;48928;48670;48728;50128;48825;48357;48424;48412
3355;166661;168734;171563;173164;174566;175441;175906;176445;176512;177042;177279;174685;175640;176727;178122;180719;181605;182930;183372;184139
3356;110582;111473;111992;112502;112793;112741;112498;112679;112486;112029;111876;110842;110816;110882;111484;113579;112695;113105;113517;113928
3357;161692;163058;163565;164360;164932;164875;164958;165074;164603;164064;163860;162182;161780;161308;161842;163253;163372;163377;163455;163782
3358;140203;141192;142264;142740;142819;142678;142234;141692;140792;140053;139630;136072;135772;136251;136200;140264;139641;139099;139755;140673
3359;191690;192973;193956;195098;195727;196475;197122;197091;196891;196952;197132;195606;195779;196516;197448;200054;201638;201887;203102;204512
3360;97285;97635;97464;97324;97271;96940;96458;95983;94940;94428;94020;93284;92801;92356;92533;93131;92961;92744;92572;92389
3361;132820;133289;133693;134027;134267;134084;133965;133767;133560;133328;133368;131936;132129;132459;133215;134645;135842;136590;136792;137133
3401;76644;76284;76083;75986;76094;75916;75320;75135;74751;74512;74361;73364;73588;74052;74804;76323;77045;77521;77607;77559
3402;50963;51185;51351;51445;51670;51693;51742;51714;51562;51292;51616;49848;49751;49790;50016;50694;50486;50607;50195;49913
3403;154832;155908;157437;158340;158394;158565;159060;159563;160279;161334;162173;157706;158658;159610;160907;163830;165711;167081;168210;169077
3404;164101;164195;164561;165517;164489;163814;163020;162870;163286;163514;164119;154513;155625;156315;156897;162403;164070;164374;164748;165251
3405;85287;84994;84751;84586;84118;83552;82797;82192;81411;81137;81324;76926;76545;75728;75534;75995;76201;76316;76278;76089
3451;110650;111994;113164;114524;115176;115891;116626;117041;117102;117517;118004;117951;118489;118865;119917;121435;122698;123377;124071;124859
3452;187403;188363;188979;189652;190110;190128;190252;190293;189381;188973;188947;186713;186673;187058;187998;189199;190066;189949;189848;189694
3453;149647;150973;152299;153283;154804;155642;156241;157164;157268;157506;158194;159290;160033;160176;162350;164734;165930;167925;169348;170682
3454;303034;304698;306685;307734;309245;310088;311965;313533;313824;313098;313056;311634;312855;313689;315757;319488;321391;323636;325657;326954
3455;100889;101402;101653;101657;101760;101412;101192;100779;100307;99851;99598;97857;97327;97093;96937;97900;98409;98509;98460;98704
3456;129759;131086;132254;132975;133903;134442;134840;135270;135508;135346;135047;133400;133652;133678;134329;135662;135770;135859;136511;137162
3457;161425;162765;163789;164540;164522;165056;165347;165088;164947;164837;164705;163991;164202;164792;165809;167548;168253;168946;169809;170756
3458;121017;122550;123704;124564;125175;125731;125949;126131;125943;126571;127282;125265;125413;125778;126798;128608;129484;129924;130144;130890
3459;353313;355871;356873;358041;359399;359449;359340;358852;358236;357056;356123;350418;350444;350302;351316;358079;354807;356140;357343;358080
3460;126434;128189;129533;130471;131660;132401;133104;134404;134506;134838;135374;132752;133462;134188;136184;137866;139671;140540;141598;142814
3461;94084;94332;94333;94242;94075;93725;93094;92622;91968;91228;90772;89527;89126;88831;88765;89239;89282;89022;88624;88583
3462;57334;57421;57587;57672;57800;57954;57829;57742;57492;57391;57280;56572;56362;56400;56539;57173;56881;56731;56882;56926
4011;539403;540950;542987;544853;545932;546852;547934;547769;547360;547685;547340;544043;546451;548547;551767;557464;565719;568006;569352;567559
4012;120822;118701;119111;118276;117281;116615;116045;115313;114506;114031;113366;108139;108323;108844;110121;114025;113034;113026;113634;113643
5111;569364;570765;571886;572511;572663;574514;577505;581122;584217;586217;588735;589649;593682;598686;604527;612178;613230;617280;619294;621877
5112;514915;512030;508664;506496;504403;501564;499111;496665;494048;491931;489559;487470;486816;486855;485465;491231;499845;498110;498590;498686
5113;595243;591889;585481;589499;588084;585430;583198;582140;579759;576259;574635;565900;566862;569884;573784;582624;583084;583393;583109;582760
5114;239916;239559;239183;238565;238270;237701;237104;236516;236333;235414;235076;221864;222026;222058;222500;225144;226812;226699;227020;227417
5116;263014;262963;263104;262391;261966;261444;260951;260018;258848;258251;257993;254834;255087;255430;256853;259996;260925;262188;261454;261034
5117;172862;172332;172171;170745;170327;169917;169414;168925;168288;167471;167344;166804;166654;166640;167108;169278;170936;171265;170880;170632
5119;222151;221619;220928;220033;219309;218898;218181;217108;215670;214024;212945;210256;210005;209097;209292;210934;211382;211422;210829;210764
5120;119287;118753;118339;117717;116827;115864;114925;113935;112679;111422;110563;110132;109352;108955;109009;109499;110611;110584;110994;111338
5122;164973;165032;164740;164543;164205;163581;162948;162575;161779;160992;159927;155080;155316;155768;156771;158726;158908;158803;159360;159245
5124;366434;364784;363522;362137;361077;359237;358330;356420;353308;351050;349721;342570;342885;343488;345425;350046;352390;353590;354382;355100
5154;299362;301861;304176;305599;306850;307703;308331;308928;308448;308090;307807;301171;301977;302698;304963;310337;310329;311270;310974;312465
5158;507699;509023;508703;507164;506061;504972;503492;502045;499193;496445;495155;477919;477397;476633;477760;483279;484770;485409;485684;485570
5162;443865;445683;446493;446308;446305;445255;444700;444515;443608;443112;443286;437732;439225;440602;442522;450026;447431;449408;451007;451730
5166;300842;302795;303984;303943;304344;304140;303506;303331;302689;301797;300417;295982;295448;294921;295067;297661;298422;298733;298935;298863
5170;474390;476240;477906;477481;477164;476428;475433;474045;472175;470364;468619;459740;458329;457033;457244;462664;461715;460666;459809;459976
5314;302247;306016;308921;311052;311938;312818;314299;316416;317949;319841;324899;307530;309869;311287;313958;318809;322125;325490;327258;329673
5315;962884;967940;968639;965954;969709;983347;989766;995397;995420;998105;1007119;1013665;1024373;1034175;1046680;1060582;1075935;1080394;1085664;1087863
5316;161047;160829;160268;161543;161601;161227;161336;161345;161322;160593;160772;159373;159926;160819;161540;163487;163113;163577;163838;163729
5334;550966;553714;556963;566224;568037;568475;568863;568959;568520;566347;565714;541521;542833;545067;547661;553922;552472;554068;555465;557026
5358;268564;271074;272473;272936;272908;272478;270917;270725;269607;268637;267712;258524;258651;258385;259073;262828;262072;262889;263722;264638
5362;455487;458430;460894;461810;462873;462862;463147;464209;464061;464018;464130;452792;454792;456602;459448;466657;465549;467209;470089;470615
5366;189316;190581;191635;192575;193199;193304;193191;192973;192638;192088;190962;187801;187724;187437;188158;191165;191202;192127;192840;193656
5370;250400;252275;254589;255782;256956;257326;257282;256850;256004;255158;254936;248161;247827;248233;249310;252527;252651;253106;254322;255555
5374;288170;289518;290055;290308;290614;289836;288405;286801;284890;282636;280840;272287;271332;270290;270618;273452;273139;272968;272471;272057
5378;275474;276525;278086;278770;279397;279092;278658;278345;277635;277214;276927;277816;277997;278440;279497;282729;283304;283344;283455;283271
5382;576993;583051;588896;593414;596565;597857;598805;599042;598225;598407;598736;579594;580588;582280;585781;596213;597854;599056;599780;600764
5512;120611;120780;120758;120324;119910;119356;118975;118597;117756;117241;116771;117074;116498;116055;116017;117143;117409;117364;117383;117565
5513;278695;276740;274926;272445;270107;268102;266772;264765;262063;259744;257981;257994;257607;257850;257651;260368;262528;260305;260654;259645
5515;265609;267197;268945;269579;270038;270868;272106;272951;273875;275543;279803;293393;296599;299708;302178;310039;311846;313559;314319;315293
5554;359573;362834;364865;366679;367457;369112;369500;370196;370323;369666;369633;364093;363819;364271;365191;369666;369226;369718;370676;371339
5558;214893;216805;218573;219915;220984;221001;221494;221381;220662;220261;219784;215031;215087;215282;215996;218401;219019;219360;219929;220586
5562;657592;656053;654276;651397;649310;646558;643411;639811;636180;632535;628817;617831;615778;613878;613092;617807;617195;616824;615261;614137
5566;434885;437545;440127;441985;443055;444231;444393;445019;444399;443643;443357;433820;434170;434481;437127;443374;444409;446565;447614;448220
5570;280443;282286;283167;283421;283628;283395;282721;281641;280107;279003;278145;272985;272832;272623;273412;277431;277744;277458;277783;277840
5711;321758;323373;324815;328452;328012;326925;325846;324912;323615;323084;323270;327199;328314;328864;329782;333090;333451;332552;333786;334195
5754;345379;347954;349688;350528;352399;353250;354057;354239;353944;353514;353766;350814;351624;352334;354463;360642;361828;363049;364083;364938
5758;254754;255393;255819;255284;254938;254507;253751;252949;251567;250247;249020;249947;249147;248988;249219;252122;251074;251539;250783;250578
5762;155808;155518;155354;154829;154289;153550;152627;151277;149800;148470;147140;144891;143709;142788;142770;144010;141855;141565;140667;140251
5766;365006;364990;365049;363720;362527;360858;359192;357582;355178;353007;351158;347729;346496;345374;345127;350750;348933;349069;348391;347514
5770;322789;323055;323654;323290;322649;321965;320813;319401;317665;315784;314153;310932;309990;309356;309216;313050;311866;311207;310710;310409
5774;290301;292961;294911;295700;297674;298703;299127;298838;298869;299106;299816;295614;296135;296688;299071;304332;305198;305362;306890;307839
5911;391147;390087;388869;387283;388179;385626;383743;381542;378596;376319;374737;362585;362213;361734;361876;364742;364920;365529;364628;365587
5913;588994;589240;590831;589661;588680;588168;587624;586909;584412;581308;580444;571403;572087;575944;580511;586181;585813;586600;587010;588250
5914;203151;202060;201109;200039;198780;196934;195671;193748;192177;190121;188529;187333;186243;185996;186716;189044;188266;187730;188814;188686
5915;182427;183805;184578;184961;184926;184239;183672;183065;182459;181741;181783;176474;176440;176048;176580;179397;179571;179185;179111;179916
5916;174529;174018;173645;172870;171831;170992;169991;168454;166924;165632;164762;154887;154563;154417;154608;155851;156774;156490;156374;156449
5954;350781;349988;348410;346124;344824;342642;340557;338466;335914;333729;331575;325145;324223;322731;322916;325954;325374;324670;324296;324106
5958;281830;281480;280849;279336;277715;277219;275522;273898;271891;269927;267601;265199;263720;261999;261561;263762;262269;261591;260475;259777
5962;457465;457079;456163;453781;451421;448800;445043;441704;437785;434031;430965;422614;419976;416240;413820;416171;414886;413383;412120;410222
5966;141207;141705;142095;142113;142140;141776;141259;140973;140481;139666;138961;136144;135523;134947;134759;136365;134983;134808;134775;133955
5970;296256;295787;295405;294420;292869;291372;289826;288441;286299;284405;282681;276227;275594;274904;275909;280800;277933;277977;278210;276944
5974;306377;307809;308943;308831;309013;308856;307790;307159;306131;305097;304167;296540;296029;294971;296742;302995;301655;301693;301902;301785
5978;431740;430269;429832;427219;426345;423830;421464;419353;416679;414056;411806;394873;392940;391622;391774;396035;393869;393934;394782;394891
6411;138242;138457;138959;139698;140078;140562;141257;142191;142310;143332;144402;145845;147925;149743;151879;155353;157437;158254;159207;159878
6412;646550;641076;643726;643432;646889;651899;652610;659021;664838;671927;679664;676533;687775;701350;717624;732688;736414;746878;753056;763380
6413;117535;118429;119233;119208;119527;119430;117564;118245;118977;118770;120435;114855;116945;119203;120988;123734;124589;126658;128744;130280
6414;270109;271076;271553;271995;274076;274611;275562;275849;276742;277493;275976;270952;272636;273871;275116;276218;277619;278654;278342;278474
6431;263730;264695;265491;265852;266316;266312;264985;264380;263465;262796;262650;261158;261695;262322;263822;266928;267935;268780;269694;270340
6432;286780;288463;289717;290179;290915;290292;289635;289071;288701;288918;289199;283465;284413;285407;287966;292773;294744;296048;297399;297844
6433;249266;250478;252020;251633;252283;251905;252133;253013;253576;253599;254887;252770;254883;257301;260793;266042;269045;271403;274526;275726
6434;225638;226683;227167;226881;227708;227338;226552;226043;225737;226290;227425;226964;228098;229167;230798;233427;234991;235995;236564;236914
6435;405942;408144;409487;409589;410203;409941;408826;408162;407456;407022;407234;401823;403134;404995;407619;411956;416715;418208;418950;420552
6436;220264;221730;222892;223082;224029;224057;224347;225426;226072;226647;227398;224823;226113;228021;229976;232848;235708;236969;237735;238558
6437;99667;100113;100525;100654;100522;100174;99640;98954;98092;97502;97032;96785;96648;96201;96082;97000;96473;96597;96798;96703
6438;335030;336555;337451;337305;338252;337481;336579;336671;336818;337163;338061;334019;336265;338300;341669;347357;349982;351692;354092;355813
6439;184576;184897;185665;185487;185557;185237;184288;184152;183487;183303;183125;180506;180911;181190;182117;184114;185668;186602;187157;187160
6440;294260;296056;297863;298000;298670;298885;298928;299054;298496;298179;298015;293113;293940;295408;297369;301931;303914;305312;306460;308339
6531;253587;254331;255370;256088;256246;255896;255925;255776;255299;255765;256473;252587;253041;253820;259834;262505;265699;267056;268876;270688
6532;262859;263043;262852;262227;261406;260512;259359;258063;256582;254878;253553;252899;252106;251327;251440;253167;254074;254164;253777;253319
6533;175317;175679;175850;175836;176158;175750;174541;173754;172738;171487;170714;170471;169904;169964;170385;171922;172120;171971;172083;171912
6534;253279;253500;253888;253821;253700;253384;252938;252187;251800;251150;251080;241574;241279;241656;241598;245241;245013;246165;246648;247084
6535;118496;118475;117949;117495;116718;115781;114790;113479;112264;110989;109451;107994;106947;106383;105763;107256;106737;106451;105878;105643
6611;194766;194748;194146;194322;194464;194427;193518;193803;194168;194774;195530;191854;192874;194087;194747;197984;199062;200736;201585;202137
6631;217710;218326;219034;219571;220184;219813;219420;219055;218421;217759;217255;215945;216093;216314;217326;220132;221170;221783;222584;223145
6632;130654;130010;129153;128517;127777;127156;126100;125211;123984;122812;122233;120776;120165;119651;119394;121166;121037;121101;120829;120719
6633;245997;245735;245837;245368;244845;243791;242117;240728;239236;237973;236986;234680;234206;233352;233451;235813;236905;236674;236633;236764
6634;193345;193404;192947;192115;191291;189935;188335;187058;185310;183714;182622;181327;180279;179429;179466;180310;181105;180754;180222;179673
6635;170568;170430;170401;169631;169259;168293;167121;166053;164652;163129;161871;158210;157293;156607;156460;157592;157967;157256;156953;156406
6636;113962;113293;112442;111442;110692;109492;108289;107156;105732;104580;103750;101843;100913;100356;100206;100715;100965;101101;101017;100629
7111;107950;107730;107891;107608;107039;106501;105888;106087;106293;106445;106417;107954;109779;110643;111434;112586;113605;113844;114024;114052
7131;129462;130141;130772;130900;130976;130467;129520;129096;128509;128063;127443;125951;125837;126102;126643;127770;128455;128914;129727;130086
7132;137223;137659;137410;137285;136892;136425;135752;134912;133785;132873;131952;129962;129166;128373;128228;129171;128961;128791;128705;128805
7133;157576;157843;158047;158389;158746;158319;157811;157471;156660;155842;155544;155404;155306;155297;155944;156821;157392;157549;158080;158345
7134;90294;90201;89932;89471;88755;87783;87007;86469;85217;84201;83243;82323;81135;80673;80591;80615;80799;80728;80720;80951
7135;65664;65860;65998;66062;66067;65732;65282;64863;64489;63884;63409;63890;63475;63202;62041;62391;61864;61662;61587;61375
7137;210812;212344;213052;213249;213963;213667;213236;212944;212102;211079;210269;210246;210035;209785;210441;211925;212968;213554;214259;214434
7138;184278;185004;185653;185739;186046;185259;184518;183618;182537;181492;180995;180497;179812;179454;179317;180655;181537;181655;181941;182811
7140;105380;105591;106018;106094;106076;105705;105050;104263;103609;102878;102145;101639;101002;100770;101945;102529;103026;102938;102937;103163
7141;129082;129608;129684;129486;129022;128095;127218;126258;125477;124474;123601;122609;121838;121375;121487;123543;122553;122381;122308;122297
7143;201840;202714;203154;203636;203925;203541;202657;201938;200779;199480;198580;199691;198852;198704;199131;200302;201027;201039;201597;201904
7211;99410;100024;100234;100180;100163;99843;103518;103888;104640;104587;105260;106284;106544;107233;108472;114914;110111;110013;110636;111528
7231;113899;113998;114293;114160;114389;113960;113466;113043;112452;111543;111073;112308;110833;110643;110981;111828;112006;112134;112262;112483
7232;96468;96308;96098;95850;95762;95982;95409;95219;94828;94394;94008;95751;95946;96158;96408;97180;98021;98213;98561;99058
7233;64367;64464;64241;64285;63934;63646;63161;62813;62201;61789;61267;61533;61073;60765;60775;60794;60757;60705;60603;60646
7235;137610;138196;138836;139280;139613;139932;140265;141009;141201;141481;141646;142494;143893;144337;145227;147999;147833;148532;148945;149398
7311;47763;47827;47699;47564;47516;47225;46938;47090;46948;46874;46793;46617;47035;47332;47724;48363;48445;48417;48561;48762
7312;99825;99794;99469;99095;99182;98372;98044;97770;97436;99275;99184;96963;97112;97162;97382;98520;99302;99684;99845;100030
7313;41122;41089;41396;41502;41821;42028;43048;43063;43008;42994;43615;43476;43641;43825;44465;45362;46006;46292;46677;46881
7314;162233;162458;162436;162836;163383;163343;163560;163777;163467;163340;164351;158637;160179;161518;163832;164718;166621;168497;171061;172253
7315;182870;185293;186103;185532;186061;194372;196425;198118;197623;197778;199237;201002;202756;204268;206991;209779;213528;215110;217118;218578
7316;53917;53822;53892;53939;53894;53628;53506;53683;53658;53525;52855;52322;52268;52400;52564;52999;53209;53353;53148;53264
7317;45212;44822;44367;43971;43637;43137;42427;41875;41358;40808;40384;40655;40267;40101;40046;40125;40416;40632;40403;40231
7318;49776;49956;50156;50247;50347;50501;50648;50673;49930;49811;49857;49712;49764;49740;49855;50284;50551;50931;50378;50561
7319;80361;80625;81111;81100;81250;81545;82212;82290;82040;81784;81736;79526;79727;80296;81010;82102;82595;83081;83330;83542
7320;35719;35799;35846;35521;35499;35219;34842;34719;34525;34109;33944;34161;34064;34084;34011;34260;34428;34270;34209;34193
7331;124183;125303;126103;126772;126814;126328;126058;125697;125244;124758;124760;125109;125173;125213;125998;127274;128197;128519;129244;129687
7332;133815;134303;134726;134818;135061;135116;134628;134341;133576;133052;132757;130920;130927;131041;131530;132203;132960;132739;132660;132671
7333;78401;78740;78942;79215;79317;78825;78320;77877;77350;76571;75878;75822;75508;75192;74962;75230;75203;75102;75101;75325
7334;123362;124380;124669;124852;125348;125268;125425;125822;125603;124982;124838;124294;124889;125434;126266;127303;128205;128477;129075;129013
7335;110103;110207;110145;110029;109637;109202;108364;107875;107192;106149;105428;104910;104443;104117;104288;104966;105504;105649;106057;105979
7336;78685;78530;78111;77667;77184;76541;75809;74876;73987;73306;72602;72458;71766;71098;70883;70997;70899;70764;70526;70219
7337;109375;109694;110276;110524;110938;110639;110211;109957;109625;109133;109002;108300;108752;109026;109735;110526;110885;110622;110356;110521
7338;146986;147396;148060;148270;148718;148902;149187;149202;149084;148733;148475;147341;148079;149068;150051;151546;153043;153629;154201;154609
7339;194156;196072;197739;198824;200112;200486;200938;201451;201410;201583;202310;201264;202222;203338;204514;208749;209184;209785;210889;211417
7340;105378;105271;105168;104730;104018;103309;102512;101596;100508;99605;98887;98008;97180;96599;96410;96474;95957;95474;95113;94831
8111;583874;587152;588477;589161;590657;592569;593923;597176;600068;601646;606588;591015;597939;604297;612441;623738;628032;632743;634830;635911
8115;364987;367830;370337;371678;372113;372155;372228;372755;372827;371616;371396;364458;367208;370392;374279;381281;385888;389548;391640;392807
8116;500666;505340;509495;511564;513105;514245;514108;514503;514646;514109;514830;504961;508577;512279;516779;524127;528792;532447;533859;535024
8117;256792;257651;258488;258707;258492;257783;256967;255807;254833;253522;252548;247194;247835;248813;250117;252749;254618;256345;257253;258145
8118;497764;503229;507043;509681;511830;513317;513998;515146;515898;516874;517985;512086;516748;521633;526377;534074;537902;542630;543984;545423
8119;409296;412959;415764;416635;417463;417697;417609;417131;416255;415696;415448;407150;408827;411025;414016;419456;422698;424878;426158;427248
8121;119305;120163;120683;120705;121320;121613;121384;121627;122098;122415;122879;116716;117531;118122;119841;122567;123771;125113;125960;126592
8125;320955;324043;326229;327540;328866;329503;329979;330302;329743;329054;328364;323168;324543;326035;329250;334388;337571;340772;343068;344456
8126;107754;108920;109519;109755;109756;109718;109717;109900;109499;109028;108913;107200;107498;107866;108816;110181;110689;111392;112010;112655
8127;185728;186967;188229;188563;189041;189580;189346;189288;189158;188694;188420;186427;186928;187682;188974;191614;192958;194203;195861;196761
8128;137057;137508;137284;137474;137736;137259;136296;135387;134939;134211;133351;130431;129842;129857;130299;132181;132274;132189;132321;132399
8135;136976;137055;136957;136337;135737;135174;134164;133449;132773;131854;131116;127691;127608;127947;128894;130527;131498;132006;132472;132777
8136;314198;315345;316495;316812;317056;316760;315661;314624;313576;312129;310733;306425;306484;306933;308205;312650;311587;312422;314002;314025
8211;52729;53084;53643;53938;54301;54581;54855;54853;54777;54494;54445;52424;52585;53012;53342;54160;54307;54718;55123;55185
8212;278558;279578;281334;282595;284163;285263;286327;288917;290736;291959;294761;291995;296033;299103;300051;307755;309999;311919;313092;312060
8215;419555;422952;425768;427149;428312;429603;430351;431519;431381;431606;432271;424510;427106;429186;431315;435841;440337;442673;444232;445101
8216;223328;224309;225896;226669;227549;228408;228006;227929;227111;226912;226789;222201;222472;223311;224687;227474;228907;230216;231018;231420
8221;140259;141509;142575;142959;143123;142993;144634;145311;145642;146466;147312;148415;150335;152113;154715;156267;159914;160601;160355;161485
8222;306729;308385;308759;308353;307499;307900;307914;309795;311342;311969;313174;291458;294627;296690;299844;305780;304781;307997;309370;310658
8225;149424;150091;150951;150920;151131;150628;150022;149572;148763;147782;147006;142435;141847;141584;141651;142936;143278;143376;143535;143633
8226;524028;527796;530608;531649;532788;533993;534220;534989;535284;536281;537625;525204;527287;531013;534729;541859;544400;546745;547625;548355
8231;117156;118002;118785;119046;118847;119021;119156;119423;119839;119788;119781;115211;116425;117754;119291;122247;123493;124289;125542;125957
8235;158959;160115;161249;161524;161530;161069;160341;159644;158702;158055;157271;150990;150709;151461;152766;155359;155960;157424;158397;159201
8236;192852;193873;194839;195379;196083;196417;196159;195457;195315;194554;193913;191461;192092;192811;193728;196066;197246;198369;198905;199556
8237;120848;121682;122275;122369;122407;122579;122275;121865;121272;120637;119878;115220;115055;114793;115147;116233;116692;117456;117935;118243
8311;205102;208294;210234;212495;213998;215966;217547;219430;219665;221924;224191;214234;218043;220286;222203;226393;227590;229636;230241;231195
8315;240545;243043;245342;247002;248400;249535;250013;250183;250132;250418;251266;246437;247711;250137;252749;257343;260416;262405;262795;263601
8316;151414;152953;154506;155160;156069;156728;157265;157629;157667;157791;158342;156723;157399;158177;159708;162082;163251;164712;165383;166408
8317;408126;411491;413008;414292;415405;416410;416973;417754;417613;417267;417513;410408;411700;412678;415639;420106;423359;425932;429479;430953
8325;140873;141761;142302;142322;142357;142148;141765;141551;141073;140307;139316;136049;135553;135319;135912;137500;138327;138858;139455;139878
8326;210347;211321;211922;211807;211712;211320;210617;209709;208691;207259;206535;203978;204585;205090;206116;209648;210084;211207;212381;212506
8327;132916;133866;134407;134614;135035;135297;135291;135306;135141;134712;134189;132192;132476;133198;134607;136606;138119;139397;140152;140766
8335;266183;268859;271373;272966;274096;274692;274752;275120;276240;277555;278983;268263;270568;273407;275785;280288;282191;284015;285325;286305
8336;217175;219149;220523;221098;220689;221357;221787;222528;222596;222401;222650;219481;220606;221943;223692;226708;227545;228314;228639;228736
8337;164944;166114;166864;167057;167266;167274;167168;167200;166863;166384;166140;163141;163699;164265;165211;167861;168852;170198;170619;171003
8415;277995;279177;280613;281690;281779;282049;281891;281580;281080;280927;280931;273646;274691;276019;278031;282113;284082;285754;286748;287034
8416;208535;211058;212993;214365;215835;216477;217172;217482;218692;220782;221304;212800;214894;216535;218355;221837;224635;225755;227331;228678
8417;192891;193196;193696;193387;192961;192722;192138;191531;190294;189337;188393;185129;184658;184615;186360;188595;187401;188170;188935;189363
8421;117233;118347;119155;119807;120107;120625;120925;121434;121648;122087;122801;117541;117977;119218;120714;122636;123953;125596;126329;126790
8425;185929;187000;188146;189101;189717;190233;190189;190212;190403;189884;189670;186444;187123;187892;189129;192104;193318;194629;196047;197076
8426;182979;184548;185980;187138;187885;188532;188810;189089;189296;189403;189312;187508;187747;188696;190438;194019;196206;198265;199742;201282
8435;199181;200948;202449;203523;204392;205446;205832;206759;207766;207710;208367;204483;205843;207450;209386;212201;213070;214655;216227;217470
8436;268770;270572;272273;273681;275079;275677;275900;276470;276474;276363;276965;270129;272425;273540;275339;279296;281627;283264;284285;285424
8437;133500;133671;133852;133889;133732;133385;133078;132419;131695;131059;130215;127409;127272;127101;127716;130772;130275;130192;130873;130849
9161;115722;117311;118416;119528;120157;121314;122167;123055;123925;124387;125088;126076;127886;129136;131002;132438;133639;135244;136981;137392
9162;1210223;1227958;1234692;1247873;1249176;1259677;1294608;1311573;1326807;1330440;1353186;1364920;1388308;1407836;1429584;1450381;1464301;1456039;1471508;1484226
9163;58908;59310;59820;59988;60108;60226;60394;60674;60711;60877;61299;59543;59935;60464;60889;61844;62672;63080;63324;63551
9171;108268;109023;109590;109611;109367;109227;108789;108773;108182;107903;107711;106342;106515;106965;107465;108485;109422;110338;111210;111516
9172;99848;100626;101304;101738;102177;102587;102407;102383;102162;102034;102389;101263;101875;102346;102976;103907;104480;105052;105722;105929
9173;116017;117416;118152;118731;119678;120633;120308;120834;120869;121247;121801;119733;120664;122118;123340;124930;125668;126572;127227;127917
9174;129547;131345;132267;132990;133480;134382;134965;136272;136801;137680;138547;139921;142021;144407;146279;149370;150839;152703;153884;154899
9175;118764;120416;121612;122136;122913;123895;125052;126400;127085;127907;129199;128870;131011;133007;134873;137421;139016;140800;142142;143649
9176;119561;121031;122466;122972;123181;123233;123745;124419;124811;124699;125015;123961;125039;125858;127189;128805;130808;131646;132341;132881
9177;115939;117949;119216;120568;122123;123094;123703;124876;125544;126370;127011;126676;128289;130238;131839;133747;135429;136884;137660;138182
9178;152307;155396;157161;158140;159367;160655;162452;164692;165582;165483;166375;164232;166286;169010;170357;173225;175803;177997;179116;180007
9179;193092;195869;197392;197995;198901;199783;200362;201148;201845;203129;204538;203029;205194;208272;210278;213481;216857;217831;219320;219311
9180;86577;87408;87709;87441;87013;87351;86923;86872;86478;86305;86336;84234;84710;85443;85931;87385;87877;88155;88467;88424
9181;105939;107609;109025;110303;111281;112080;112283;113311;113739;114134;114626;113539;114223;114926;116118;117657;118725;119141;120071;120302
9182;91654;92720;93350;93688;93942;94970;95045;95267;95241;95484;95641;93971;94759;96049;96773;98286;98828;99189;99726;100010
9183;108480;109733;110570;110840;110940;110930;110623;110536;110248;110258;110282;106803;107363;109227;110296;112034;113222;114486;115250;115872
9184;295247;299883;302750;303604;306182;309080;311493;315462;317543;319573;323015;320855;325744;329981;332800;340003;343405;346433;348871;350473
9185;89215;90224;90810;91084;91254;91181;90945;91067;91190;91258;91397;90973;91783;92700;93505;94654;95759;96164;96680;97303
9186;111669;113111;113881;114489;115382;115809;116014;116407;116725;116991;117371;116973;118349;119987;121594;124128;125085;126244;127151;128227
9187;236480;240106;242729;243714;245132;247057;246828;248047;248268;248819;249772;245264;247133;249810;251850;256074;257466;259449;260983;261330
9188;124956;126588;127478;127723;128283;129091;128789;129515;129861;130010;130283;128111;129530;130811;131873;133621;134732;135545;136092;136667
9189;167646;168827;169600;170264;170449;170906;170440;170546;170594;170614;170521;168827;169464;170364;171978;174162;175431;176290;177089;177319
9190;127018;128543;129667;130253;130632;131034;130777;131317;130926;130863;130922;129060;129568;130387;131190;132906;133859;134252;135348;135478
9261;58746;59513;60075;60282;60545;61368;61923;62629;62606;62735;63258;64277;65322;66179;67509;69211;70025;71193;72404;73411
9262;50536;50669;50810;50683;50537;50651;50644;50741;50717;50627;50594;48623;49038;49454;49952;50566;51074;51781;52469;52803
9263;44014;44316;44364;44473;44683;44633;44504;44625;44496;44493;44450;44642;45099;45502;46027;46806;47142;47586;47794;47791
9271;115532;116558;116943;116967;117284;117492;117517;117594;117273;116851;117005;114690;114733;115374;115699;116596;117601;118741;119326;119478
9272;82434;82553;82471;82363;81975;81582;80771;80427;80044;79685;79293;78130;77817;77626;77927;78122;78180;78345;78355;78362
9273;109510;110918;112051;112846;112939;113237;112927;113088;113120;113071;113147;113191;113996;115232;116495;118965;119969;121119;122258;123058
9274;142442;144504;145892;146857;147736;148101;147990;148286;148513;148350;148783;147758;148862;150316;151819;154577;155442;157239;158698;159895
9275;186509;187355;188090;188533;189027;189142;188474;188462;187965;187594;187347;184531;184905;185671;186284;188336;188904;190504;192043;192656
9276;82512;82721;82555;82162;81796;81416;80748;80195;79736;79327;78953;76525;76329;76257;76265;76812;77187;77489;77656;77410
9277;118167;119107;119416;119729;119727;119598;118944;118800;118622;118157;117952;116849;117437;117654;118164;119218;119617;120371;120659;121502
9278;95242;96035;96902;97485;97848;97797;97734;97810;97702;97631;97591;96140;96667;97323;97967;98806;99221;99838;100649;101120
9279;90562;91218;91907;92092;92081;91906;91644;91481;91116;90673;91011;90567;91267;92565;93450;94104;95035;95831;96217;96683
9361;43794;44217;44443;44596;44593;44618;44394;44216;44059;43715;43755;41790;41578;41592;41535;41861;42348;42248;41970;42207
9362;125676;127198;128029;128604;128917;129859;131342;132495;133525;134218;135520;136352;138296;140276;142292;145465;148638;150894;152610;153094
9363;43030;43071;42821;42684;42775;42672;42496;42445;42219;42058;41961;41734;41684;41726;41817;42055;42494;42543;42520;42743
9371;108899;109083;109044;108886;108784;108159;107683;107069;106224;105727;105180;103597;103352;103074;103045;103568;103009;102836;103109;103049
9372;131035;131416;131622;131489;131306;130871;130111;129605;129092;128498;128322;125504;125620;125553;125844;126359;126918;127339;127882;127998
9373;126369;127312;128027;128625;128725;128613;128529;128488;128130;128049;127769;126746;127145;127826;128975;130385;131662;132644;133561;134573
9374;101011;101043;101444;100933;100480;100081;99496;99007;98426;97791;97211;96094;95849;95447;95184;95078;94528;94486;94352;94450
9375;176067;178095;179389;180354;181406;182193;182388;182721;182812;183045;183796;183161;184344;185980;187205;189390;190481;192200;193572;194070
9376;143343;144370;144751;144780;144904;144748;144411;144089;143340;142979;142804;142630;142947;143060;143614;144864;145382;146487;147189;147872
9377;79993;79804;79359;78875;78399;77729;77089;76549;75953;75337;74802;74483;73923;73457;73250;73314;72918;72730;72504;72046
9461;69036;69396;69726;69899;70026;70081;69574;69884;69989;69827;70004;70712;70863;71167;71952;73331;75743;77179;77592;77373
9462;74153;74519;74558;74818;74548;73997;73503;73097;72935;72576;72683;71214;71482;71572;71601;72148;73065;73999;74657;74783
9463;42756;42798;42629;42257;42082;41950;41638;41283;41316;41177;41076;40991;41022;40994;41062;41257;41071;41236;41249;41072
9464;50741;50654;50150;49685;49163;48723;48191;47744;47275;46779;46286;44511;44461;44522;44325;44660;45183;45950;45930;45825
9471;142372;143107;143877;144268;144831;144825;144993;144949;144524;144442;144211;143746;143758;144425;144695;145570;146042;146584;147086;147163
9472;109124;109249;109302;109404;109219;108724;108256;107649;106952;106488;106102;105227;104901;104637;104615;104306;103876;103805;103656;103664
9473;92243;92199;92205;92053;91785;91325;90786;90244;89503;88943;88193;87404;87006;86719;86715;86599;86734;86885;86906;86747
9474;112500;112838;113331;113258;113447;113543;113397;113389;113289;113236;112985;112986;113331;113424;113900;114834;115259;115681;116099;116203
9475;109026;108744;108198;107505;106632;105715;104613;103686;102475;101252;100234;98787;97873;97096;96608;96429;95915;95773;95311;94801
9476;75591;75458;75038;74582;74275;73678;72909;72289;71609;70941;70106;69599;69095;68484;67998;67916;67613;67474;67135;66743
9477;78825;78674;78266;77940;77556;77141;76641;76153;75593;74967;74491;73710;73211;72898;72541;72468;71993;72012;71845;71566
9478;70840;70874;70984;70640;70350;70057;69519;69045;68617;68286;68087;67245;67109;66644;66540;66655;66640;66777;66838;66776
9479;86044;85278;84391;83365;82627;81631;80505;79433;78439;77486;76848;75441;74599;73783;73403;73185;73260;73485;73178;72655
9561;40165;40412;40537;40708;40512;40624;40412;40330;40454;40420;40253;39600;39684;39839;40010;41159;41532;41652;41847;41798
9562;100778;101912;102198;102449;102578;103197;103753;104650;104980;105554;105629;104312;105412;105624;106423;108336;110238;110998;111962;112528
9563;110477;111257;111784;111892;112506;113422;113627;114130;114071;114044;114628;116640;118358;119808;121519;124171;125403;126526;127748;128497
9564;488400;491307;493397;493553;495302;499237;500855;503110;503638;503673;505664;490085;495121;498876;501072;509975;511628;515201;518365;518370
9565;38213;38518;38633;38586;38630;38791;38862;38753;38771;38751;38879;38610;39137;39546;39941;40428;40707;40781;40792;40981
9571;183207;183668;183967;184333;184576;183755;183052;182293;181417;180719;179925;178262;178289;178914;179419;181314;182178;183256;183949;184591
9572;128939;129751;130455;130660;130652;130489;130788;130873;131097;131059;131448;130747;131227;132012;132830;134136;134640;135334;136271;137262
9573;112896;113530;113840;114571;114297;114024;114203;114483;114496;114475;114810;113259;113959;114513;113847;114291;115971;116193;117387;117853
9574;168024;168693;168811;169146;169075;168389;168111;167444;167152;166491;166260;164079;164564;165000;165918;167643;168893;169752;170365;170792
9575;98671;99156;99618;99768;100033;99979;99490;99106;98509;98044;97558;97518;97409;97482;97808;98751;99332;99641;100364;101014
9576;124187;124963;125280;125722;125757;125708;125306;125240;124811;124329;124186;123120;123168;123431;123890;125140;125563;126101;126958;126749
9577;95109;95176;95349;95227;95054;94660;94163;93711;93009;92586;92326;92182;92187;92331;92518;93342;93974;94208;94393;94734
9661;67592;68361;68682;68607;68703;68642;68664;68646;68747;68722;68678;67470;67681;67844;68167;68986;69187;69928;70527;71002
9662;54325;54568;54670;54601;54467;54273;53970;53798;53588;53533;53415;52118;52098;51851;51610;51969;52724;53437;54032;53426
9663;127966;129915;131582;132687;133539;133906;134913;135212;133501;133195;133799;124449;124577;124698;124219;124873;126010;126635;127880;127934
9671;173915;174577;174863;175214;175406;174974;174543;174168;173707;172990;172667;172351;172575;172791;172776;173695;173504;173969;174208;174200
9672;109328;109498;109382;108926;108607;107988;107267;106628;105770;104932;104301;103653;103124;102865;102901;103106;103100;103265;103218;103235
9673;86609;86717;86811;86824;86731;86094;85313;84676;83895;83442;82916;80469;80224;79965;79676;79723;79855;79796;79690;79635
9674;88509;88412;88301;88256;87878;87607;87063;86477;85914;85379;85010;84440;84226;84090;84152;84581;84373;84464;84599;84384
9675;88986;89104;89335;89498;89525;89501;89378;89293;88976;88692;88397;87731;87899;88097;88492;89306;89748;90429;90909;91155
9676;131261;131369;131568;131548;131543;131376;130692;130303;129648;129047;128341;128122;127944;127909;127941;128446;128543;128484;128756;128743
9677;132012;132206;132393;132090;131770;131218;130678;130148;129439;128637;127761;127154;126496;126295;125915;126123;126301;126523;126365;126158
9678;116569;116874;116868;116653;116380;115924;115173;114657;114039;113425;113003;112991;112857;113007;113747;114813;114823;115105;115106;115445
9679;158919;159311;159845;159836;160080;159978;160222;160761;160273;159963;159788;158128;158026;158580;159253;160427;161041;161340;161834;162302
9761;254982;257836;259231;259217;260407;262676;262512;262992;263313;263646;264708;269402;272699;276542;281111;286374;289584;292851;295135;296582
9762;41905;42246;42665;42581;42430;42183;41945;42043;41966;41881;41843;41460;41570;41759;42014;42731;43134;43478;43893;44398
9763;61389;61505;61609;61504;61576;61360;61480;61703;62135;62007;62060;64300;64625;65044;65624;66947;67529;68330;68907;69151
9764;40849;41101;41132;41133;41191;41107;41111;41021;41050;41085;41025;41242;41551;41772;42201;42841;43293;43470;43837;44100
9771;123263;124501;125534;126711;127238;127446;127531;127785;127717;127859;127955;126720;127250;128435;129294;130916;131399;132596;133596;134655
9772;236422;238536;239979;240874;241494;241381;241033;240976;240294;239898;240068;237839;239004;240911;242697;245600;247539;249838;251534;253468
9773;93773;94435;95005;95417;95626;95512;95124;94759;94328;94009;93539;93212;93122;93129;93478;94575;94556;95159;96021;96562
9774;121563;122114;122574;122942;122636;122450;121833;121691;121165;120619;120451;120134;120130;120696;121828;123153;123498;124519;125747;127027
9775;159670;161110;162214;163082;163504;163387;163495;164135;164771;165201;165461;164388;165270;166643;167847;170309;171011;172546;174200;175204
9776;77106;77850;78240;78643;78900;79467;79733;80139;80027;79858;79769;78455;78641;78939;79387;80429;80961;81148;81669;81981
9777;131546;132389;133196;133782;134206;134766;134551;134462;134112;134070;133881;133607;134118;134771;135894;137709;138265;139278;140316;141182
9778;133709;134920;135300;135804;135858;135708;135699;135898;135569;135286;135366;135597;136383;137484;138712;140419;141165;142544;144041;145341
9779;129865;130335;130833;131222;131141;130969;130321;130035;129550;129181;128867;128072;128939;129422;130203;131345;132298;133043;133496;133783
9780;147405;148315;148953;149474;149959;150507;150396;150690;150486;150153;149926;148691;149457;150478;150981;152672;153759;154568;155362;156008
10041;350924;349948;349102;347310;344573;341940;339553;336826;335669;333469;332333;326996;326638;325978;325604;327380;329593;330150;329708;328714
10042;105954;106222;106361;106324;106426;106282;105996;106001;105782;105241;104843;103639;103520;103135;102987;103997;103908;103656;103366;103243
10043;147464;146678;146315;145547;144704;143645;142478;141426;139948;138586;137247;134957;134099;133222;133021;133735;133984;133297;132206;131408
10044;211671;211681;211796;211784;211318;210343;208962;207723;206215;204448;203308;197452;196611;195976;195632;197009;196609;195815;195201;194319
10045;157309;156732;156306;155602;154722;153997;152888;151859;150785;149680;149240;145099;144291;143851;143532;144584;144100;143402;142631;142196
10046;95381;95209;95108;94809;94674;94086;93290;92763;91925;91161;90596;89712;89128;88556;88259;88892;88457;87867;87397;87007
11000;3382169;3388434;3392425;3388477;3387828;3395189;3404037;3416255;3431675;3442675;3460725;3326002;3375222;3421829;3469849;3520031;3574830;3613495;3644826;3669491
12051;77516;76351;75276;75485;74875;74129;73475;72954;72516;72264;71778;71381;71149;71032;71032;71574;71664;71886;72124;72184
12052;108491;105954;103847;107549;106415;105309;103837;102811;101785;101671;102091;99974;99913;99595;99491;99687;100416;101036;100219;99678
12053;72131;70308;68351;67014;65242;63748;62594;61969;61286;60625;60330;59063;58537;58018;57649;58092;58193;58237;57873;57751
12054;129324;130435;131414;144979;145707;147583;148813;150833;152966;154606;156906;157603;159456;161468;164042;167745;171810;175710;178089;180334
12060;170288;171490;172382;173951;175861;176693;177396;177589;177644;176904;176848;172572;173193;173754;174981;177411;179365;180864;182760;185244
12061;158994;159568;159923;160173;161179;161937;161756;161699;161482;161708;161805;160108;160314;160793;161952;164528;166074;167319;169067;170791
12062;131161;129066;127159;125526;124041;122031;119773;117522;115560;113586;111975;109087;107649;106157;104997;104673;104397;103455;102638;101827
12063;148130;150340;151475;153328;154044;155019;155408;155359;155141;154984;154891;152915;153294;153874;155408;158236;159685;160710;161909;162996
12064;188277;189634;190678;191729;192131;192122;191998;191640;191241;191067;190502;187085;186925;187668;188422;190714;191685;192921;194328;195751
12065;192123;194022;195399;197055;198550;200184;201289;201945;202231;202776;203124;201199;202162;203012;204898;207524;208639;209893;211249;212914
12066;145110;141959;139062;136251;134025;132032;129581;127278;125216;123426;121679;116898;115212;113842;112896;112450;111962;111122;110476;109371
12067;196453;195670;194169;193062;192001;190728;189185;188035;186542;185062;183859;177764;177047;176850;177823;182397;178849;178347;178658;178803
12068;112930;111878;111009;110057;108893;108027;106830;105812;104786;103734;102868;99753;99125;98944;98886;99110;99414;99368;99078;98861
12069;210031;212230;214227;201335;202630;203477;204007;204510;204277;204594;205070;203391;204388;205520;207498;210910;212207;213214;214664;216566
12070;95701;94015;92646;91214;89792;88340;87221;85705;84284;83086;82023;79574;78799;77993;77550;77573;77813;77263;76508;76158
12071;153827;151100;148939;141256;139464;136896;135017;132798;130626;128470;126400;121571;120178;118899;118030;117635;116826;115456;114429;113720
12072;159735;160414;160708;161146;161400;161902;162383;162320;162073;161847;161386;159511;159686;160448;161488;163553;164771;166890;168296;169997
12073;151740;148606;145715;143411;141454;139326;137209;134958;132837;131115;129738;123731;122484;121326;120829;121014;120878;120349;119552;118947
13003;200506;198964;198259;198303;198993;199288;199868;200413;201096;201442;202735;201813;202887;203431;204167;206011;207513;208409;208886;209191
13004;101267;99978;98742;97694;97110;96656;96280;95855;95551;95041;95220;91327;91264;91583;92138;96800;95668;95797;95818;95653
13071;311186;307218;303191;299681;296105;292778;289194;284995;280737;277318;274817;266593;264261;262412;261733;262517;261816;260574;259130;258074
13072;230656;229924;229061;228196;227193;225616;223780;221439;219253;217373;216189;211863;210732;210555;211878;213473;213945;214635;215113;215794
13073;254927;252094;249375;247148;244858;242179;239653;237191;234701;232568;230743;224751;223718;223109;223470;224820;224971;225123;224684;224702
13074;168357;167697;167129;166533;166085;165704;164544;163689;162514;161503;160423;156004;155801;155265;155424;156270;156825;156993;156729;157322
13075;268256;264714;261074;258681;255911;253883;251846;250042;247608;245547;243838;240971;239291;238185;237697;238358;237374;237066;236697;235623
13076;240548;239288;237793;235990;233398;231162;228589;226058;222896;220424;218362;213577;212373;211965;212631;214113;212562;212522;212618;211779
14511;259246;255798;252618;249922;248365;246587;245700;244951;243880;243089;243248;240543;241210;242022;243521;248645;246353;246855;247237;246334
14521;417201;412055;407114;402337;398014;393225;387918;382571;377245;372390;368167;359103;355275;351309;349582;347665;344136;340373;337696;334948
14522;369146;364925;360584;356545;352631;348725;344457;340115;335797;332236;328342;320062;317204;314591;312711;312450;310505;308153;306185;304099
14523;274228;271543;268708;265958;263158;260210;256998;253672;250246;247196;244402;238443;236227;233970;232390;232318;231051;229584;227796;225997
14524;379405;375281;371275;367733;364617;361001;356992;352947;348834;345118;341932;333291;330294;327062;325137;324534;322099;319988;317531;315002
14612;477807;478631;480228;483632;487421;495181;504795;507513;512234;517052;523058;517765;525105;530754;536308;543825;547172;551072;554649;556780
14625;363677;358358;354020;350077;346840;342712;338056;333470;328990;325032;321511;313618;310898;308350;306570;306273;304691;302634;300880;299758
14626;323025;316037;310927;306408;302540;297785;292843;288735;284790;281076;276924;267815;264673;262168;260188;260000;258337;256587;254894;252725
14627;275413;272583;270131;268156;266533;264722;261695;259343;256638;254483;253069;246237;244717;243716;243745;245244;243889;242862;242165;241717
14628;272640;270136;267832;266070;264342;262082;259725;257655;255459;253843;252308;246275;245927;245939;245954;247412;246066;245418;245611;245586
14713;493208;493052;494795;497531;498491;502651;506578;510512;515469;518862;522883;510043;520838;531562;544479;560472;571088;581980;587857;593145
14729;290518;288146;285595;283777;281639;279458;277113;274532;271863;269694;267410;260925;259207;257596;257647;258408;258333;258008;257763;258139
14730;230067;227647;225232;223291;221693;219415;216904;214184;211356;208661;206223;200062;198629;197346;197042;197605;198063;197794;197673;197741
15001;99002;96604;94885;93595;92397;92417;91243;89934;88693;87764;86906;85488;84606;83616;83061;82919;82505;82111;81237;80103
15002;247736;243045;239355;240119;238497;237198;235720;234295;233013;232323;232963;230494;231440;231565;232470;236991;238005;239173;239257;238762
15003;231450;229755;228170;227535;226675;229126;229826;230140;230047;230456;231525;228910;229924;231021;232306;235723;238136;238478;238697;237565
15081;101134;100428;99405;98276;97176;96040;94545;93323;91922;90471;89512;87624;86878;86312;86071;86164;85236;84457;83765;83173
15082;208925;205387;201867;198512;195199;191125;188319;184877;182023;179263;176642;170827;168475;166828;165076;164817;163100;161264;159854;158486
15083;198907;196566;195423;193965;192213;190080;187833;185457;182866;180702;178880;175198;174001;172955;172829;173473;172959;172619;171734;170923
15084;222262;218945;216025;213172;210725;207727;205097;201932;199186;196422;194195;188149;186081;184956;184055;184081;183174;181968;180190;178846
15085;260861;258365;255866;253149;250073;247434;244248;241017;237653;234690;232343;225191;223094;221043;219618;221366;219643;216299;214446;213310
15086;106249;105329;104162;102923;101826;101954;100646;99693;98122;97355;96251;93242;92367;91721;91359;91693;91345;90465;89928;89589
15087;176330;173631;171104;168493;166076;163620;160984;158223;155255;152523;150295;146659;144735;143246;142054;141408;139781;138013;136249;134942
15088;217487;215917;213676;211528;209835;208094;206146;203989;201273;199025;196946;190747;189217;187690;186510;186431;185951;185494;184582;183815
15089;244629;241137;237266;233584;230068;226649;222727;219222;215591;212605;209579;203785;201210;198715;196750;196695;194575;192739;190560;189125
15090;140604;138553;136866;135647;133187;131267;129481;127464;125429;123674;121899;118268;116666;115471;114668;115262;114393;113186;111982;111190
15091;159798;156965;154841;152443;150490;146984;144972;142906;140799;138946;137070;132154;130699;129438;128721;128447;127449;126815;125840;124953
16051;200564;200126;199967;201645;202450;202844;202658;202929;203333;203830;204994;201952;203485;204880;206219;210118;211113;212988;213699;213981
16052;112835;109926;108082;106365;105153;103948;102733;101618;100643;99987;99262;95746;95384;94977;94492;96011;94750;94859;94152;93125
16053;99893;101157;100542;102634;102442;102532;102494;102752;103392;104449;105129;106428;106915;107679;108207;109527;110321;111099;111407;111343
16054;48025;46765;45569;44529;43652;42689;41861;41015;40173;39526;38776;36570;35967;35665;36208;36778;35608;35166;34835;36789
16055;62425;63522;64069;64409;64491;64594;64481;64720;64938;65233;65479;62886;63236;63315;63477;64131;64355;64426;65090;65228
16056;44442;44242;44306;44081;43915;43727;43626;43308;43051;42847;42750;41708;41744;41567;41884;42417;42588;42710;42370;42250
16061;114109;113427;112498;111455;110843;109999;108883;107924;106937;106052;105195;101906;101312;100951;100730;101325;101033;100645;100380;100006
16062;98609;97685;96628;95620;94519;93612;92630;91762;91120;90357;89963;86734;85921;85380;85055;85355;85098;84697;83822;83416
16063;144677;143646;142595;141001;139805;138337;136678;135058;133451;131820;130560;128105;127227;126283;125835;125655;124729;123764;123025;118974
16064;119504;118446;117324;116069;115100;113962;112620;111643;110581;109606;108758;105683;104947;104245;103922;105273;103948;103504;102912;102232
16065;94343;92983;91940;90758;89517;88307;87058;85362;83835;82650;81449;79464;78618;77656;77148;77110;76685;75818;75009;74212
16066;143702;142488;141055;139637;138642;137267;135805;134262;132780;131312;129982;127042;126208;125574;125056;124623;123506;122952;122347;124916
16067;148527;147418;146632;145383;144833;143745;142491;141405;140041;138857;138056;135986;135376;135155;135381;136831;135430;135521;135452;134908
16068;81204;80323;79592;78671;77831;76865;76097;75257;74359;73688;72877;71544;71005;70833;70537;70600;70118;70027;69655;69427
16069;73839;73246;72769;72000;71521;71022;70210;69425;68596;67816;67007;66007;65540;65032;64673;64524;64330;63923;63553;63197
16070;121806;121040;120446;119336;118112;117014;115753;114445;113416;112804;112350;110135;109531;108958;108899;109620;109167;108830;108742;106249
16071;91443;90905;90262;89480;88862;88292;87399;86568;85509;84935;84693;82458;82016;81704;81641;82127;82316;82131;81947;82156
16072;67833;67175;66562;65683;64983;64005;63122;62384;61315;60560;59954;58465;57802;57252;56809;56818;56507;56361;56196;57717
16073;132885;131015;129610;127910;126692;125087;123516;121542;119817;118303;116818;112555;111463;110307;109646;109278;108315;107368;106356;103199
16074;93929;93404;92969;92311;91470;90761;89827;88935;88199;87400;86809;84677;84282;84001;83966;86184;84525;82990;83051;82950
16075;98592;97568;96607;95376;94501;93281;92093;90910;89825;88632;87799;85259;84435;83654;82887;82951;82362;81501;80868;80312
16076;123869;122459;121129;119500;118053;116320;114384;112682;110747;109003;107555;104464;103297;102167;101382;101114;99717;99275;98159;97398
16077;114200;112421;110887;109304;107893;106365;104721;103313;101705;100215;98810;95829;94749;93605;92705;92344;91607;90650;90118;89393
